iso,code,v_2021,v_latest,year_latest,indicator,tag,economy
BGD,FB.ATM.TOTL.P5,11.7993946492591,15.8652165324821,2024.0,B8_atm_p100k,X,Bangladesh
BGD,FB.CBK.BRCH.P5,9.24962880387725,9.13956167484712,2024.0,B7_bank_branches_p100k,X,Bangladesh
BGD,FS.AST.PRVT.GD.ZS,39.0820163295701,35.8111715787963,2024.0,D4_domestic_credit_priv_gdp,X,Bangladesh
BGD,IT.CEL.SETS.P2,110.012054001037,108.077037369691,2024.0,A2_mobile_subs_p100,X,Bangladesh
BGD,IT.NET.BBND.P2,6.64246518111116,8.08931134401926,2024.0,A3_fixed_bbnd_p100,X,Bangladesh
BGD,IT.NET.SECR.P6,228.70847011754,527.061270034326,2024.0,A6_secure_servers_p1m,X,Bangladesh
BGD,IT.NET.USER.ZS,38.91744466,53.42171316,2024.0,A1_internet_use_pct,X,Bangladesh
BGD,NY.GNP.PCAP.CD,2600.0,2820.0,2024.0,D1_gni_pc_atlas,scale,Bangladesh
BGD,SE.ADT.LITR.ZS,76.3600006103516,79.0,2022.0,D5_adult_literacy_pct,X,Bangladesh
BGD,SL.TLF.CACT.ZS,61.085,58.903,2024.0,D3_labor_participation_pct,X,Bangladesh
BGD,SP.URB.TOTL.IN.ZS,31.3992156886061,32.6783196323307,2024.0,D2_urban_pct,X,Bangladesh
IDN,FB.ATM.TOTL.P5,47.9923093456682,45.6370507881167,2024.0,B8_atm_p100k,X,Indonesia
IDN,FB.CBK.BRCH.P5,15.7653714240527,11.2296187378829,2024.0,B7_bank_branches_p100k,X,Indonesia
IDN,FS.AST.PRVT.GD.ZS,36.9908270556254,36.3924067095141,2024.0,D4_domestic_credit_priv_gdp,X,Indonesia
IDN,IT.CEL.SETS.P2,132.199444256099,122.514946500491,2024.0,A2_mobile_subs_p100,X,Indonesia
IDN,IT.NET.BBND.P2,4.4874632789818,4.92196685438436,2024.0,A3_fixed_bbnd_p100,X,Indonesia
IDN,IT.NET.SECR.P6,2189.14677796205,2939.49021766292,2024.0,A6_secure_servers_p1m,X,Indonesia
IDN,IT.NET.USER.ZS,62.10447842,72.78075544,2024.0,A1_internet_use_pct,X,Indonesia
IDN,NY.GNP.PCAP.CD,4130.0,4920.0,2024.0,D1_gni_pc_atlas,scale,Indonesia
IDN,SL.TLF.CACT.ZS,65.868,67.927,2024.0,D3_labor_participation_pct,X,Indonesia
IDN,SP.URB.TOTL.IN.ZS,56.8761702464027,58.7509635387997,2024.0,D2_urban_pct,X,Indonesia
KHM,FB.ATM.TOTL.P5,31.5931133821687,47.6111762552663,2024.0,B8_atm_p100k,X,Cambodia
KHM,FB.CBK.BRCH.P5,12.3751042181232,14.0830887702144,2024.0,B7_bank_branches_p100k,X,Cambodia
KHM,FS.AST.PRVT.GD.ZS,121.842231182128,124.659765749466,2024.0,D4_domestic_credit_priv_gdp,X,Cambodia
KHM,IT.CEL.SETS.P2,117.234785164989,116.091961125929,2024.0,A2_mobile_subs_p100,X,Cambodia
KHM,IT.NET.BBND.P2,1.98089406311481,4.14566160137529,2024.0,A3_fixed_bbnd_p100,X,Cambodia
KHM,IT.NET.SECR.P6,166.36910907398,817.289111657873,2024.0,A6_secure_servers_p1m,X,Cambodia
KHM,IT.NET.USER.ZS,60.76269913,68.47530365,2024.0,A1_internet_use_pct,X,Cambodia
KHM,NY.GNP.PCAP.CD,2120.0,2550.0,2024.0,D1_gni_pc_atlas,scale,Cambodia
KHM,SE.ADT.LITR.ZS,71.9300003051758,71.9300003051758,2021.0,D5_adult_literacy_pct,X,Cambodia
KHM,SL.TLF.CACT.ZS,79.51,82.373,2024.0,D3_labor_participation_pct,X,Cambodia
KHM,SP.URB.TOTL.IN.ZS,40.1091858128847,40.8727033252729,2024.0,D2_urban_pct,X,Cambodia
KOR,FB.ATM.TOTL.P5,256.855232744804,244.469292769745,2023.0,B8_atm_p100k,X,"Korea, Rep."
KOR,FB.CBK.BRCH.P5,13.5740244244837,12.3936010645014,2024.0,B7_bank_branches_p100k,X,"Korea, Rep."
KOR,FS.AST.PRVT.GD.ZS,159.926120236306,160.347182678236,2024.0,D4_domestic_credit_priv_gdp,X,"Korea, Rep."
KOR,IT.CEL.SETS.P2,140.516382791931,172.520241179065,2024.0,A2_mobile_subs_p100,X,"Korea, Rep."
KOR,IT.NET.BBND.P2,44.2526082339633,47.8014965507867,2024.0,A3_fixed_bbnd_p100,X,"Korea, Rep."
KOR,IT.NET.SECR.P6,7334.11978035964,11902.38307173,2024.0,A6_secure_servers_p1m,X,"Korea, Rep."
KOR,IT.NET.USER.ZS,97.57132698,97.89563777,2024.0,A1_internet_use_pct,X,"Korea, Rep."
KOR,NY.GNP.PCAP.CD,37450.0,36750.0,2024.0,D1_gni_pc_atlas,scale,"Korea, Rep."
KOR,SL.TLF.CACT.ZS,62.55,64.465,2024.0,D3_labor_participation_pct,X,"Korea, Rep."
KOR,SP.URB.TOTL.IN.ZS,81.1616526507785,81.1682528469686,2024.0,D2_urban_pct,X,"Korea, Rep."
LAO,FB.ATM.TOTL.P5,27.6424989365641,28.3029809215782,2024.0,B8_atm_p100k,X,Lao PDR
LAO,FB.CBK.BRCH.P5,3.06488159113035,3.02390154471585,2024.0,B7_bank_branches_p100k,X,Lao PDR
LAO,IT.CEL.SETS.P2,64.7101497693472,64.7588066942788,2023.0,A2_mobile_subs_p100,X,Lao PDR
LAO,IT.NET.BBND.P2,2.0226898696049,2.72021122524182,2023.0,A3_fixed_bbnd_p100,X,Lao PDR
LAO,IT.NET.SECR.P6,82.246618027117,301.680129228236,2024.0,A6_secure_servers_p1m,X,Lao PDR
LAO,IT.NET.USER.ZS,62.0,65.59269714,2024.0,A1_internet_use_pct,X,Lao PDR
LAO,NY.GNP.PCAP.CD,2500.0,2000.0,2024.0,D1_gni_pc_atlas,scale,Lao PDR
LAO,SE.ADT.LITR.ZS,,75.6399993896484,2023.0,D5_adult_literacy_pct,X,Lao PDR
LAO,SL.TLF.CACT.ZS,64.618,65.989,2024.0,D3_labor_participation_pct,X,Lao PDR
LAO,SP.URB.TOTL.IN.ZS,37.338778268357,39.5552154401406,2024.0,D2_urban_pct,X,Lao PDR
NPL,FB.ATM.TOTL.P5,20.7724209106283,24.4704593538272,2024.0,B8_atm_p100k,X,Nepal
NPL,FB.CBK.BRCH.P5,22.8280500782003,23.8248878284133,2024.0,B7_bank_branches_p100k,X,Nepal
NPL,FS.AST.PRVT.GD.ZS,103.651351375401,91.2933728348585,2024.0,D4_domestic_credit_priv_gdp,X,Nepal
NPL,IT.CEL.SETS.P2,129.645418271275,99.8471420273964,2024.0,A2_mobile_subs_p100,X,Nepal
NPL,IT.NET.BBND.P2,4.30873475530627,10.0656152054494,2024.0,A3_fixed_bbnd_p100,X,Nepal
NPL,IT.NET.SECR.P6,269.787864363744,541.228652445205,2024.0,A6_secure_servers_p1m,X,Nepal
NPL,IT.NET.USER.ZS,40.98910141,46.32189941,2024.0,A1_internet_use_pct,X,Nepal
NPL,NY.GNP.PCAP.CD,1250.0,1480.0,2024.0,D1_gni_pc_atlas,scale,Nepal
NPL,SL.TLF.CACT.ZS,39.513,39.313,2024.0,D3_labor_participation_pct,X,Nepal
NPL,SP.URB.TOTL.IN.ZS,66.144235274522,66.772343163029,2024.0,D2_urban_pct,X,Nepal
PAK,FB.ATM.TOTL.P5,11.1789491442581,12.0522028967929,2024.0,B8_atm_p100k,X,Pakistan
PAK,FB.CBK.BRCH.P5,10.2208873108403,11.150833388396,2024.0,B7_bank_branches_p100k,X,Pakistan
PAK,FS.AST.PRVT.GD.ZS,15.3401397751102,11.46061956354,2024.0,D4_domestic_credit_priv_gdp,X,Pakistan
PAK,IT.CEL.SETS.P2,78.8012296805749,76.8544559649986,2024.0,A2_mobile_subs_p100,X,Pakistan
PAK,IT.NET.BBND.P2,1.23144065449307,1.46559368502535,2024.0,A3_fixed_bbnd_p100,X,Pakistan
PAK,IT.NET.SECR.P6,65.7388698838102,109.651337877655,2024.0,A6_secure_servers_p1m,X,Pakistan
PAK,IT.NET.USER.ZS,,57.253,2024.0,A1_internet_use_pct,X,Pakistan
PAK,NY.GNP.PCAP.CD,1420.0,1430.0,2024.0,D1_gni_pc_atlas,scale,Pakistan
PAK,SE.ADT.LITR.ZS,58.8600006103516,58.8600006103516,2021.0,D5_adult_literacy_pct,X,Pakistan
PAK,SL.TLF.CACT.ZS,52.73,52.308,2024.0,D3_labor_participation_pct,X,Pakistan
PAK,SP.URB.TOTL.IN.ZS,37.9333395514173,39.1734368360905,2024.0,D2_urban_pct,X,Pakistan
PHL,FB.ATM.TOTL.P5,29.0404050612851,27.8445692139854,2024.0,B8_atm_p100k,X,Philippines
PHL,FB.CBK.BRCH.P5,8.89138951674097,8.08637788193146,2024.0,B7_bank_branches_p100k,X,Philippines
PHL,FS.AST.PRVT.GD.ZS,49.9413249106511,49.8449977717705,2024.0,D4_domestic_credit_priv_gdp,X,Philippines
PHL,IT.CEL.SETS.P2,144.424289981649,115.298749599352,2024.0,A2_mobile_subs_p100,X,Philippines
PHL,IT.NET.BBND.P2,8.50897715713263,7.13893301204977,2024.0,A3_fixed_bbnd_p100,X,Philippines
PHL,IT.NET.SECR.P6,133.650513103559,131.556605552984,2024.0,A6_secure_servers_p1m,X,Philippines
PHL,IT.NET.USER.ZS,66.90779877,67.26300914,2024.0,A1_internet_use_pct,X,Philippines
PHL,NY.GNP.PCAP.CD,3570.0,4470.0,2024.0,D1_gni_pc_atlas,scale,Philippines
PHL,SL.TLF.CACT.ZS,56.471,61.402,2024.0,D3_labor_participation_pct,X,Philippines
PHL,SP.URB.TOTL.IN.ZS,54.4504102510776,55.4520983215477,2024.0,D2_urban_pct,X,Philippines
THA,FB.ATM.TOTL.P5,104.824437320499,93.0302183963717,2024.0,B8_atm_p100k,X,Thailand
THA,FB.CBK.BRCH.P5,9.35415100467224,8.01998751107904,2024.0,B7_bank_branches_p100k,X,Thailand
THA,FS.AST.PRVT.GD.ZS,164.142023585507,146.295079842162,2024.0,D4_domestic_credit_priv_gdp,X,Thailand
THA,IT.CEL.SETS.P2,168.485285358167,160.639312286761,2024.0,A2_mobile_subs_p100,X,Thailand
THA,IT.NET.BBND.P2,17.3168855632327,14.8870491187484,2024.0,A3_fixed_bbnd_p100,X,Thailand
THA,IT.NET.SECR.P6,2134.31889534104,3149.99672587537,2024.0,A6_secure_servers_p1m,X,Thailand
THA,IT.NET.USER.ZS,85.26956666,90.86718789,2024.0,A1_internet_use_pct,X,Thailand
THA,NY.GNP.PCAP.CD,7100.0,7130.0,2024.0,D1_gni_pc_atlas,scale,Thailand
THA,SE.ADT.LITR.ZS,,91.0999984741211,2022.0,D5_adult_literacy_pct,X,Thailand
THA,SL.TLF.CACT.ZS,66.952,67.129,2024.0,D3_labor_participation_pct,X,Thailand
THA,SP.URB.TOTL.IN.ZS,58.5087776184082,61.8689338391321,2024.0,D2_urban_pct,X,Thailand
VNM,FB.ATM.TOTL.P5,27.2070978043162,27.2434250522194,2024.0,B8_atm_p100k,X,Viet Nam
VNM,FB.CBK.BRCH.P5,2.92952332268588,3.09669381955115,2024.0,B7_bank_branches_p100k,X,Viet Nam
VNM,FS.AST.PRVT.GD.ZS,124.282898747665,124.961478822546,2022.0,D4_domestic_credit_priv_gdp,X,Viet Nam
VNM,IT.CEL.SETS.P2,136.806313165021,127.606471743496,2024.0,A2_mobile_subs_p100,X,Viet Nam
VNM,IT.NET.BBND.P2,19.5362327330994,23.711259212336,2024.0,A3_fixed_bbnd_p100,X,Viet Nam
VNM,IT.NET.SECR.P6,3846.57222455068,5733.7485681175,2024.0,A6_secure_servers_p1m,X,Viet Nam
VNM,IT.NET.USER.ZS,74.20999985,84.15,2024.0,A1_internet_use_pct,X,Viet Nam
VNM,NY.GNP.PCAP.CD,3540.0,4490.0,2024.0,D1_gni_pc_atlas,scale,Viet Nam
VNM,SE.ADT.LITR.ZS,,96.129997253418,2022.0,D5_adult_literacy_pct,X,Viet Nam
VNM,SL.TLF.CACT.ZS,73.738,73.134,2024.0,D3_labor_participation_pct,X,Viet Nam
VNM,SP.URB.TOTL.IN.ZS,36.6540656426603,38.4900703430176,2024.0,D2_urban_pct,X,Viet Nam
